subgrade	rate
C1	0.10743474910791462
C2	0.09441615502585754
C3	0.11951072075457225
C4	0.12802960418949705
C5	0.12867237629340544
