subgrade	rate
C1	0.0693384730480342
C2	0.0
C3	0.0
C4	0.11336647490632057
C5	0.0
