subgrade	rate
C1	0.08826635519049741
C2	0.0
C3	0.06693363798522078
C4	0.10372238863602634
C5	0.0
