subgrade	rate
B1	0.06997893290354007
B2	0.08200689249968085
B3	0.09046629931286576
B4	0.09276990651669625
B5	0.10732736027134115
