subgrade	rate
B1	0.0592424693865643
B2	0.07925748186530357
B3	0.08558622148176731
B4	0.10314365855621777
B5	0.09638172083121366
