subgrade	rate
A1	0.05557338402153422
A2	0.061610987435585685
A3	0.06601885573374111
A4	0.06664475567163164
A5	0.07268918701714155
