subgrade	rate
A1	0.05565582401189717
A2	0.0
A3	0.0
A4	0.05966793086294575
A5	0.0
