subgrade	rate
A1	0.05565582401189717
A2	0.05972166036473925
A3	0.0575937124323771
A4	0.06501040576301298
A5	0.07419316951422306
