subgrade	rate
A1	0.05775444939729568
A2	0.06187098856625739
A3	0.06355067895634581
A4	0.06354495370868563
A5	0.07590571111734978
