subgrade	rate
D1	0.11473288178224395
D2	0.14070021013462086
D3	0.11430787325617997
D4	0.12694534311725603
D5	0.10562949614928874
