subgrade	rate
A1	0.05248456223687992
A2	0.05951985673836768
A3	0.0575937124323771
A4	0.06501040576301298
A5	0.07019588878315974
