subgrade	rate
B1	0.07113999957976569
B2	0.08197803272383597
B3	0.09497525208600699
B4	0.10106176752148088
B5	0.10952756062711488
