subgrade	rate
B1	0.06208726409227627
B2	0.0753944104140356
B3	0.07937677552711953
B4	0.08501475971419636
B5	0.10792443875952751
