subgrade	rate
D1	0.0
D2	0.14834260193977666
D3	0.13856265243860189
D4	0.0
D5	0.0
