subgrade	rate
B1	0.0
B2	0.0
B3	0.08169293531665955
B4	0.0
B5	0.07475101776354309
