subgrade	rate
C1	0.10290611146358342
C2	0.11457434813519685
C3	0.10601483338180184
C4	0.11187387495616452
C5	0.10638148671126402
