subgrade	rate
B1	0.06990431885325377
B2	0.08340710158666198
B3	0.09025333826862014
B4	0.10106176752148088
B5	0.10439182731189578
