subgrade	rate
B1	0.07376395602965968
B2	0.07522538999939421
B3	0.08859730112750874
B4	0.09262599865910537
B5	0.10713521088336897
