subgrade	rate
A1	0.051089770623009345
A2	0.05994863613865675
A3	0.06317994325895104
A4	0.06727715883093999
A5	0.077548514191905
