subgrade	rate
A1	0.05663849337155269
A2	0.061610987435585685
A3	0.06275906415649213
A4	0.0680455295982878
A5	0.07161294082181091
